<?xml version="1.0" encoding="UTF-8"?>
<rss version="2.0" xmlns:ror="http://rorweb.com/0.1/" >
<channel>
  <title>ROR Sitemap for https://agilmindset.com/</title>
  <link>https://agilmindset.com/</link>

<item>
     <link>https://agilmindset.com/</link>
     <title>agil mindset | inovação através do engajamento e da colaboração</title>
     <description>agil mindset | inovação através do engajamento e da colaboraçãoProcessos que geram valor e inovação através do engajamento e da colaboração</description>
     <ror:updatePeriod></ror:updatePeriod>
     <ror:sortOrder>0</ror:sortOrder>
     <ror:resourceOf>sitemap</ror:resourceOf>
</item>
</channel>
</rss>
  