<?xml version="1.0" encoding="utf-8"?>
<!--Created using XmlSitemapGenerator.org - Free HTML, RSS and XML sitemap generator-->
<rss version="2.0">
  <channel>
    <title>agil mindset | inovação através do engajamento e da colaboração</title>
    <link>https://agilmindset.com</link>
    <description />
    <item>
      <guid>https://agilmindset.com/</guid>
      <title>agil mindset | inovação através do engajamento e da colaboração</title>
      <link>https://agilmindset.com/</link>
      <description>agil mindset | inovação através do engajamento e da colaboração - Processos que geram valor e inovação através do engajamento e da colaboração</description>
      <pubDate>Wed, 01 Jan 2020 10:43:00 Z</pubDate>
    </item>
    <item>
      <guid>https://agilmindset.com/cadastrar-usuario</guid>
      <title>agil mindset | Cadastro de Usuário</title>
      <link>https://agilmindset.com/cadastrar-usuario</link>
      <description>agil mindset | Cadastro de Usuário - Cadastre-se e tenha acesso a todas as ferramentas da agil mindset em uma versão de demonstração</description>
      <pubDate>Wed, 01 Jan 2020 10:43:00 Z</pubDate>
    </item>
    <item>
      <guid>https://agilmindset.com/login</guid>
      <title>agil mindset | Login de Usuário</title>
      <link>https://agilmindset.com/login</link>
      <description>agil mindset | Login de Usuário - Faça Login e acesse todas as ferramentas da agil mindset em uma versão de demonstração</description>
      <pubDate>Wed, 01 Jan 2020 10:43:00 Z</pubDate>
    </item>
    <item>
      <guid>https://agilmindset.com/</guid>
      <title>agil mindset | inovação através do engajamento e da colaboração</title>
      <link>https://agilmindset.com/</link>
      <description>agil mindset | inovação através do engajamento e da colaboração - Processos que geram valor e inovação através do engajamento e da colaboração</description>
      <pubDate>Wed, 01 Jan 2020 10:43:00 Z</pubDate>
    </item>
    <item>
      <guid>https://agilmindset.com/termos-de-uso</guid>
      <title>agil mindset | Termos de Uso</title>
      <link>https://agilmindset.com/termos-de-uso</link>
      <description>agil mindset | Termos de Uso - Entenda os termos de uso na plataforma agilmindset.</description>
      <pubDate>Wed, 01 Jan 2020 10:43:00 Z</pubDate>
    </item>
    <item>
      <guid>https://agilmindset.com/politicas-de-privacidade</guid>
      <title>agil mindset | Políticas de Privacidade</title>
      <link>https://agilmindset.com/politicas-de-privacidade</link>
      <description>agil mindset | Políticas de Privacidade - Entenda como tratamos seus dados na agilmindset.</description>
      <pubDate>Wed, 01 Jan 2020 10:43:00 Z</pubDate>
    </item>
  </channel>
</rss>
<!--<guid value="f1a94dec-37da-48f6-88be-252d6d529838" />-->
<!--Created using XmlSitemapGenerator.org - Free HTML, RSS and XML sitemap generator-->